{"internal":{"hash":"jsc","url":"https://mc88.bet/assets/internal"},"main":{"hash":"jsc","url":"https://mc88.bet/assets/main"},"resources":{"hash":"jsc","url":"https://mc88.bet/assets/resources"},"BaCay":{"hash":"51eee","url":"https://mc88.bet/assets/BaCay"},"BaiCao":{"hash":"f0379","url":"https://mc88.bet/assets/BaiCao"},"BauCua":{"hash":"f43ae","url":"https://mc88.bet/assets/BauCua"},"CaoThap":{"hash":"26f30","url":"https://mc88.bet/assets/CaoThap"},"Lieng":{"hash":"93a82","url":"https://mc88.bet/assets/Lieng"},"Lobby":{"hash":"c0049","url":"https://mc88.bet/assets/Lobby"},"Loto":{"hash":"a28e3","url":"https://mc88.bet/assets/Loto"},"MauBinh":{"hash":"37c2d","url":"https://mc88.bet/assets/MauBinh"},"Poker":{"hash":"23d68","url":"https://mc88.bet/assets/Poker"},"MiniPoker":{"hash":"5f75f","url":"https://mc88.bet/assets/MiniPoker"},"Sam":{"hash":"f8cd6","url":"https://mc88.bet/assets/Sam"},"ShootFish":{"hash":"102de","url":"https://mc88.bet/assets/ShootFish"},"Slot1":{"hash":"7b752","url":"https://mc88.bet/assets/Slot1"},"Slot11Bikini":{"hash":"2aa85","url":"https://mc88.bet/assets/Slot11Bikini"},"Slot3x3":{"hash":"b1d85","url":"https://mc88.bet/assets/Slot3x3"},"Slot3x3Gem":{"hash":"49a58","url":"https://mc88.bet/assets/Slot3x3Gem"},"Slot6":{"hash":"4fb67","url":"https://mc88.bet/assets/Slot6"},"Slot9":{"hash":"348ad","url":"https://mc88.bet/assets/Slot9"},"TaiXiuDouble":{"hash":"86c77","url":"https://mc88.bet/assets/TaiXiuDouble"},"TaiXiuKM":{"hash":"fc871","url":"https://mc88.bet/assets/TaiXiuKM"},"TaiXiuMD5":{"hash":"11440","url":"https://mc88.bet/assets/TaiXiuMD5"},"TienLen":{"hash":"ee636","url":"https://mc88.bet/assets/TienLen"},"XocDia":{"hash":"5f309","url":"https://mc88.bet/assets/XocDia"}}