[1,["f0BIwQ8D5Ml7nTNQbh1YlS","7a/QZLET9IDreTiBfRn2PD","ecpdLyjvZBwrvm+cedCcQy","e97GVMl6JHh5Ml5qEDdSGa","29FYIk+N1GYaeWH/q1NxQO","36jgmD8uVEPbytC8Sld2o7","71VhFCTINJM6/Ky3oX9nBT","1fcSx6ggRAvr4Fied3Kf5M","25bGX78UFPIJJlItAaIChk","f2/9h45HxJp7RmQz1Vhg8y","30a9eyMg9NOYpCAX8cfdls","15VuD+qyhGSrXH3or2CS4s","b4P/PCArtIdIH38t6mlw8Y","e8Ueib+qJEhL6mXAHdnwbi","11irgDj0hKWJ8RdASkRZZf"],["node","_textureSetter","_spriteFrame","_N$normalSprite","_N$pressedSprite","_N$hoverSprite","_N$disabledSprite","scene","_parent","_N$skeletonData"],[["cc.Node",["_name","_id","_contentSize","_parent","_components","_children","_trs"],1,5,1,9,2,7],"cc.SpriteFrame",["cc.Widget",["_alignFlags","_originalWidth","_originalHeight","node"],0,1],["cc.Sprite",["_type","_sizeMode","node","_materials","_spriteFrame"],1,1,3,6],["sp.Skeleton",["_preCacheMode","premultipliedAlpha","_animationName","defaultSkin","defaultAnimation","node","_materials","_N$skeletonData"],-2,1,3,6],["cc.SceneAsset",["_name","asyncLoadAssets"],1],["cc.Canvas",["_fitWidth","_fitHeight","node","_designResolution"],1,1,5],["cc.Button",["_N$transition","node","clickEvents","_N$normalColor","_N$pressedColor","_N$disabledColor","_N$normalSprite","_N$pressedSprite","_N$hoverSprite","_N$disabledSprite"],2,1,9,5,5,5,6,6,6,6],["cc.ClickEvent",["_componentId","handler","customEventData","target"],0,1],["cc.Scene",["_name","_children","_anchorPoint","_trs"],2,2,5,7],["cc.Camera",["_clearFlags","_depth","node"],1,1]],[[0,0,3,4,2,2],[0,0,3,5,4,2,6,2],[3,2,3,4,1],[7,0,1,2,3,4,5,6,7,8,9,2],[8,0,1,2,3,4],[4,0,1,2,5,6,4],[5,0,1,3],[0,0,1,5,4,2,6,3],[0,0,3,5,4,2,2],[0,0,3,5,2,6,2],[0,0,3,5,2,2],[0,0,3,4,6,2],[0,0,3,4,2,6,2],[6,0,1,2,3,3],[2,0,3,2],[2,0,1,2,3,4],[3,0,1,2,3,4,3],[9,0,1,2,3,2],[10,0,1,2,3],[4,3,4,0,1,2,5,6,7,6]],[[[{"name":"bg","rect":[0,0,720,1280],"offset":[0,0],"originalSize":[720,1280],"capInsets":[0,0,0,0]}],[1],0,[0],[1],[5]],[[{"name":"default_btn_disabled","rect":[0,0,40,40],"offset":[0,0],"originalSize":[40,40],"capInsets":[12,12,12,12]}],[1],0,[0],[1],[6]],[[{"name":"ICON FRUIT","rect":[0,0,386,300],"offset":[0,0],"originalSize":[386,300],"capInsets":[0,0,0,0]}],[1],0,[0],[1],[7]],[[[6,"GameMode",null],[7,"Canvas","a5esZu+45LA5mBpvttspPD",[-3,-4],[[13,true,false,-1,[5,720,1280]],[14,45,-2]],[5,720,1280],[360,640,0,0,0,0,1,1,1,1]],[8,"background",1,[-7,-8,-9],[[16,1,0,-5,[16],17],[15,45,720,1280,-6]],[5,720,1280]],[9,"nRight",2,[-10,-11],[5,120,120],[-27.557,-296.483,0,0,0,0,1,1,1,1]],[1,"button copy",3,[-13],[[3,3,-12,[[4,"54e9eAJ9nhAK4dF2fHxpRWe","onClickLoadGame","1",1]],[4,4293322470],[4,4291348680],[4,3363338360],5,6,7,8]],[5,300,400],[0,0,0,0,0,0,1,1,1,0]],[10,"nLeft",2,[-14,-15],[5,120,120]],[1,"button",5,[-17],[[3,3,-16,[[4,"54e9eAJ9nhAK4dF2fHxpRWe","onClickLoadGame","0",1]],[4,4293322470],[4,4291348680],[4,3363338360],12,13,14,15]],[5,300,300],[-24.909,68.499,0,0,0,0,1,1,1,0]],[17,"New Node",[1],[0,0,0],[0,0,0,0,0,0,1,1,1,1]],[11,"Main Camera",1,[[18,7,-1,-18]],[0,0,393.2621411443132,0,0,0,1,1,1,1]],[12,"logo",2,[[19,"default","animation",0,false,"animation",-19,[0],1]],[5,594.7,334.93],[-15.448,415.235,0,0,0,0,1,1,1,1]],[0,"spine",3,[[5,0,false,"animation",-20,[2]]],[5,354.37,401]],[0,"New Node",4,[[2,-21,[3],4]],[5,377,313]],[0,"spine",5,[[5,0,false,"animation",-22,[9]]],[5,379,393]],[0,"New Node",6,[[2,-23,[10],11]],[5,386,300]]],0,[0,0,1,0,0,1,0,-1,8,0,-2,2,0,0,2,0,0,2,0,-1,9,0,-2,3,0,-3,5,0,-1,10,0,-2,4,0,0,4,0,-1,11,0,-1,12,0,-2,6,0,0,6,0,-1,13,0,0,8,0,0,9,0,0,10,0,0,11,0,0,12,0,0,13,0,7,7,1,8,7,23],[0,0,0,0,0,0,0,0,0,0,0,0,0,0,0,0,0,0],[-1,9,-1,-1,2,3,4,5,6,-1,-1,2,3,4,5,6,-1,2],[1,8,1,2,9,0,3,0,4,1,2,10,0,3,0,4,2,11]],[[{"name":"default_btn_pressed","rect":[0,0,40,40],"offset":[0,0],"originalSize":[40,40],"capInsets":[12,12,12,12]}],[1],0,[0],[1],[12]],[[{"name":"default_btn_normal","rect":[0,0,40,40],"offset":[0,0],"originalSize":[40,40],"capInsets":[12,12,12,12]}],[1],0,[0],[1],[13]],[[{"name":"ICON FARM","rect":[0,0,377,313],"offset":[0,0],"originalSize":[377,313],"capInsets":[0,0,0,0]}],[1],0,[0],[1],[14]]]]