[1,["c8YHr7ZXZM25GtmOEdELnd"],0,[["sp.SkeletonData",["_name","_atlasText","textureNames","_skeletonJson","textures"],-1,3]],[[0,0,1,2,3,4,5]],[[0,"mc88_animation","\nmc88_animation.png\nsize: 948,539\nformat: RGBA8888\nfilter: Linear,Linear\nrepeat: none\n8-1\n  rotate: false\n  xy: 376, 300\n  size: 190, 237\n  orig: 190, 239\n  offset: 0, 1\n  index: -1\n8-2\n  rotate: false\n  xy: 376, 300\n  size: 190, 237\n  orig: 190, 239\n  offset: 0, 1\n  index: -1\n8-1-L\n  rotate: false\n  xy: 568, 300\n  size: 190, 237\n  orig: 190, 239\n  offset: 0, 1\n  index: -1\n8-2-L\n  rotate: false\n  xy: 568, 300\n  size: 190, 237\n  orig: 190, 239\n  offset: 0, 1\n  index: -1\nC\n  rotate: false\n  xy: 760, 307\n  size: 186, 230\n  orig: 186, 231\n  offset: 0, 1\n  index: -1\nC-L\n  rotate: false\n  xy: 760, 75\n  size: 186, 230\n  orig: 186, 231\n  offset: 0, 1\n  index: -1\nLight_star_01\n  rotate: true\n  xy: 2, 2\n  size: 535, 109\n  orig: 549, 124\n  offset: 2, 7\n  index: -1\nM\n  rotate: false\n  xy: 113, 27\n  size: 233, 240\n  orig: 233, 240\n  offset: 0, 0\n  index: -1\nM-L\n  rotate: false\n  xy: 348, 27\n  size: 233, 240\n  orig: 233, 240\n  offset: 0, 0\n  index: -1\nPhinh\n  rotate: false\n  xy: 113, 269\n  size: 261, 268\n  orig: 266, 271\n  offset: 2, 0\n  index: -1\nstar\n  rotate: true\n  xy: 583, 164\n  size: 134, 136\n  orig: 158, 161\n  offset: 12, 12\n  index: -1\n",["mc88_animation.png"],{"skeleton":{"hash":"/oHEMSTCIC1r8+07XImeHV1KbAc","spine":"3.8.75","images":"./i/","audio":""},"bones":[{"name":"root"},{"name":"W79_Logo","parent":"root","scaleX":0.8,"scaleY":0.8},{"name":"Logo","parent":"W79_Logo","scaleX":0.6932,"scaleY":0.6932},{"name":"txtMC88","parent":"Logo","x":-54.46,"y":-0.28,"scaleX":0.8,"scaleY":0.8},{"name":"star","parent":"Logo"},{"name":"Light_Star","parent":"star"},{"name":"8-1","parent":"txtMC88","x":175.77,"y":-6.38},{"name":"M","parent":"txtMC88","x":-236.35,"y":-6.21},{"name":"C","parent":"txtMC88","x":-24.15,"y":-10.37},{"name":"8-2","parent":"txtMC88","x":361.75,"y":-7.66},{"name":"star2","parent":"root","x":35.62,"y":-7.79},{"name":"star3","parent":"root"},{"name":"star4","parent":"root"},{"name":"star5","parent":"root","x":-37.98,"y":25.32},{"name":"Phinh","parent":"W79_Logo","scaleX":0.9241,"scaleY":0.9241}],"slots":[{"name":"Phinh","bone":"Phinh"},{"name":"8-2","bone":"8-2"},{"name":"8-1","bone":"8-1"},{"name":"C","bone":"C"},{"name":"M","bone":"M"},{"name":"8-1-L","bone":"8-1"},{"name":"8-2-L","bone":"8-2"},{"name":"C-L","bone":"C"},{"name":"M-L","bone":"M"},{"name":"Light_star_01","bone":"Light_Star","color":"ffffffb1"},{"name":"star","bone":"star2","blend":"additive"},{"name":"star2","bone":"star3","blend":"additive"},{"name":"star3","bone":"star4","blend":"additive"},{"name":"star4","bone":"star5","blend":"additive"}],"skins":[{"name":"default","attachments":{"C-L":{"C-L":{"width":186,"height":231}},"C":{"C":{"width":186,"height":231}},"8-2-L":{"8-2-L":{"y":0.77,"width":190,"height":239}},"Phinh":{"Phinh":{"width":266,"height":271}},"M-L":{"M-L":{"y":1.88,"width":233,"height":240}},"M":{"M":{"width":233,"height":240}},"Light_star_01":{"Light_star_01":{"x":-112.77,"width":549,"height":124}},"star":{"star":{"x":-0.6,"y":5.27,"rotation":-6.31,"width":158,"height":161}},"8-1-L":{"8-1-L":{"x":-4.31,"y":1.72,"width":190,"height":239}},"8-1":{"8-1":{"x":-3.98,"width":190,"height":239}},"8-2":{"8-2":{"width":190,"height":239}},"star2":{"star":{"x":-0.6,"y":5.27,"rotation":-6.31,"width":158,"height":161}},"star3":{"star":{"x":-0.6,"y":5.27,"rotation":-6.31,"width":158,"height":161}},"star4":{"star":{"x":-0.6,"y":5.27,"rotation":-6.31,"width":158,"height":161}}}}],"animations":{"animation":{"slots":{"8-2-L":{"color":[{"color":"ffffff00","curve":"stepped"},{"time":1.5,"color":"ffffff00"},{"time":1.8333,"color":"ffffffff"},{"time":2.3333,"color":"ffffff00"}],"attachment":[{"name":"8-2-L"}]},"M-L":{"color":[{"color":"ffffff00"},{"time":1.1667,"color":"ffffffff"},{"time":1.6667,"color":"ffffff00"}],"attachment":[{"name":"M-L"}]},"C-L":{"color":[{"color":"ffffff00","curve":"stepped"},{"time":1.1667,"color":"ffffff00"},{"time":1.5,"color":"ffffffff"},{"time":2,"color":"ffffff00"}],"attachment":[{"name":"C-L"}]},"Light_star_01":{"color":[{"color":"feff5700","curve":"stepped"},{"time":0.6667,"color":"feff5700"},{"time":0.8667,"color":"fbff94ff"},{"time":1.5,"color":"faff9aff"},{"time":1.6667,"color":"ffffffff","curve":"stepped"},{"time":1.8,"color":"ffffffff"},{"time":2,"color":"ffffff00"}],"attachment":[{"name":"Light_star_01"}]},"star3":{"attachment":[{"time":2.6667,"name":"star"}]},"star4":{"attachment":[{"time":1,"name":"star"}]},"8-2":{"attachment":[{"name":"8-2"}]},"Phinh":{"attachment":[{"name":"Phinh"}]},"C":{"attachment":[{"name":"C"}]},"8-1":{"attachment":[{"name":"8-1"}]},"star":{"attachment":[{"time":1.3333,"name":"star"}]},"8-1-L":{"color":[{"color":"ffffff00","curve":"stepped"},{"time":1.3333,"color":"ffffff00"},{"time":1.6667,"color":"ffffffff"},{"time":2.1667,"color":"ffffff00"}],"attachment":[{"name":"8-1-L"}]},"star2":{"attachment":[{"time":1.8667,"name":"star"}]},"M":{"attachment":[{"name":"M"}]}},"bones":{"8-2":{"translate":[{"x":-1.56,"curve":"stepped"},{"time":1.5,"x":-1.56},{"time":1.8333,"x":57.49},{"time":2.1667,"x":-1.56}],"scale":[{"time":1.5},{"time":1.8333,"x":1.3,"y":1.3},{"time":2.1667}]},"8-1":{"translate":[{"time":1.3333},{"time":1.6667,"x":31.52},{"time":2}],"scale":[{"time":1.3333},{"time":1.6667,"x":1.3,"y":1.3},{"time":2}]},"Light_Star":{"translate":[{"x":-447.75,"curve":"stepped"},{"time":0.6667,"x":-447.75},{"time":2,"x":470.28}],"scale":[{"x":0,"y":0,"curve":"stepped"},{"time":0.6667,"x":0,"y":0},{"time":1,"x":2.178,"y":1.475,"curve":"stepped"},{"time":1.6667,"x":2.178,"y":1.475},{"time":2,"x":0,"y":0}]},"star2":{"rotate":[{"time":1.3333},{"time":2,"angle":60},{"time":2.6667,"angle":120}],"translate":[{"x":-194.5,"y":46.98}],"scale":[{"x":0.442,"y":0.442},{"time":1.3333,"x":0,"y":0},{"time":2,"x":0.5,"y":0.5},{"time":2.6667,"x":0,"y":0}]},"star5":{"rotate":[{"time":1},{"time":1.6667,"angle":60},{"time":2.3333,"angle":120}],"translate":[{"x":205.34,"y":-4.06}],"scale":[{"x":0.442,"y":0.442},{"time":1,"x":0,"y":0},{"time":1.6667,"x":0.5,"y":0.5},{"time":2.3333,"x":0,"y":0}]},"star3":{"rotate":[{"time":1.8667},{"time":2.5333,"angle":60},{"time":3.2,"angle":120}],"translate":[{"x":-52.71,"y":-39.75}],"scale":[{"x":0.442,"y":0.442},{"time":1.8667,"x":0,"y":0},{"time":2.5333,"x":0.3,"y":0.3},{"time":3.2,"x":0,"y":0}]},"star4":{"rotate":[{"time":2.6667},{"time":3.3333,"angle":60},{"time":4,"angle":120}],"translate":[{"x":22.72,"y":33.19}],"scale":[{"x":0.442,"y":0.442},{"time":2.6667,"x":0,"y":0},{"time":3.3333,"x":0.5,"y":0.5},{"time":4,"x":0,"y":0}]},"C":{"scale":[{"time":1.1667},{"time":1.5,"x":1.3,"y":1.3},{"time":1.8333}]},"M":{"translate":[{"time":0.8333},{"time":1.1667,"x":-54.29},{"time":1.5}],"scale":[{"time":0.8333},{"time":1.1667,"x":1.3,"y":1.3},{"time":1.5}]}},"drawOrder":[{"time":0.5667,"offsets":[{"slot":"C","offset":1}]},{"time":0.7333,"offsets":[{"slot":"8-1","offset":2},{"slot":"C","offset":0}]},{"time":0.9333,"offsets":[{"slot":"8-2","offset":3},{"slot":"8-1","offset":1},{"slot":"C","offset":-1}]}]}}},[0]]],0,0,[0],[-1],[0]]