[1,["60Z+u7LYVBqJ11myQZlI1F","73N24uqdtNkqOvDPqtkr2J"],["spriteFrame","_textureSetter"],["cc.SpriteFrame",["cc.BitmapFont",["_name","fontSize","_fntConfig"],0]],[[1,0,1,2,4]],[[[[0,"aguda_black_32_fnt",32,{"commonHeight":32,"fontSize":32,"atlasName":"aguda_black_32_fnt.png","fontDefDictionary":{"9":{"xOffset":0,"yOffset":0,"xAdvance":0,"rect":{"x":0,"y":0,"width":0,"height":0}},"32":{"xOffset":0,"yOffset":0,"xAdvance":11,"rect":{"x":0,"y":0,"width":0,"height":0}},"33":{"xOffset":0,"yOffset":9,"xAdvance":8,"rect":{"x":358,"y":46,"width":6,"height":24}},"34":{"xOffset":0,"yOffset":9,"xAdvance":12,"rect":{"x":46,"y":357,"width":10,"height":7}},"35":{"xOffset":0,"yOffset":11,"xAdvance":20,"rect":{"x":308,"y":225,"width":18,"height":19}},"36":{"xOffset":0,"yOffset":9,"xAdvance":20,"rect":{"x":308,"y":246,"width":18,"height":23}},"37":{"xOffset":0,"yOffset":9,"xAdvance":28,"rect":{"x":0,"y":45,"width":26,"height":23}},"38":{"xOffset":0,"yOffset":9,"xAdvance":23,"rect":{"x":120,"y":263,"width":21,"height":23}},"39":{"xOffset":0,"yOffset":9,"xAdvance":6,"rect":{"x":50,"y":276,"width":4,"height":7}},"40":{"xOffset":0,"yOffset":7,"xAdvance":11,"rect":{"x":347,"y":160,"width":9,"height":33}},"41":{"xOffset":0,"yOffset":7,"xAdvance":11,"rect":{"x":353,"y":261,"width":9,"height":33}},"42":{"xOffset":0,"yOffset":8,"xAdvance":16,"rect":{"x":186,"y":352,"width":14,"height":13}},"43":{"xOffset":0,"yOffset":15,"xAdvance":18,"rect":{"x":187,"y":134,"width":16,"height":16}},"44":{"xOffset":0,"yOffset":27,"xAdvance":9,"rect":{"x":58,"y":357,"width":7,"height":8}},"45":{"xOffset":0,"yOffset":21,"xAdvance":13,"rect":{"x":289,"y":27,"width":11,"height":4}},"46":{"xOffset":0,"yOffset":27,"xAdvance":8,"rect":{"x":62,"y":70,"width":6,"height":6}},"47":{"xOffset":0,"yOffset":9,"xAdvance":14,"rect":{"x":151,"y":0,"width":12,"height":23}},"48":{"xOffset":0,"yOffset":9,"xAdvance":21,"rect":{"x":208,"y":60,"width":19,"height":23}},"49":{"xOffset":0,"yOffset":9,"xAdvance":11,"rect":{"x":347,"y":65,"width":9,"height":23}},"50":{"xOffset":0,"yOffset":9,"xAdvance":21,"rect":{"x":207,"y":308,"width":19,"height":23}},"51":{"xOffset":0,"yOffset":9,"xAdvance":21,"rect":{"x":165,"y":210,"width":19,"height":23}},"52":{"xOffset":0,"yOffset":9,"xAdvance":21,"rect":{"x":186,"y":152,"width":19,"height":23}},"53":{"xOffset":0,"yOffset":9,"xAdvance":21,"rect":{"x":186,"y":177,"width":19,"height":23}},"54":{"xOffset":0,"yOffset":9,"xAdvance":21,"rect":{"x":165,"y":152,"width":19,"height":23}},"55":{"xOffset":0,"yOffset":9,"xAdvance":21,"rect":{"x":187,"y":27,"width":19,"height":23}},"56":{"xOffset":0,"yOffset":9,"xAdvance":21,"rect":{"x":207,"y":206,"width":19,"height":23}},"57":{"xOffset":0,"yOffset":9,"xAdvance":21,"rect":{"x":186,"y":202,"width":19,"height":23}},"58":{"xOffset":0,"yOffset":13,"xAdvance":8,"rect":{"x":358,"y":24,"width":6,"height":20}},"59":{"xOffset":0,"yOffset":13,"xAdvance":9,"rect":{"x":358,"y":0,"width":7,"height":22}},"60":{"xOffset":0,"yOffset":15,"xAdvance":18,"rect":{"x":328,"y":184,"width":16,"height":16}},"61":{"xOffset":0,"yOffset":18,"xAdvance":18,"rect":{"x":28,"y":78,"width":16,"height":10}},"62":{"xOffset":0,"yOffset":15,"xAdvance":18,"rect":{"x":229,"y":92,"width":16,"height":16}},"63":{"xOffset":0,"yOffset":9,"xAdvance":22,"rect":{"x":143,"y":222,"width":20,"height":24}},"64":{"xOffset":0,"yOffset":9,"xAdvance":25,"rect":{"x":0,"y":115,"width":23,"height":23}},"65":{"xOffset":0,"yOffset":9,"xAdvance":24,"rect":{"x":50,"y":109,"width":22,"height":23}},"66":{"xOffset":0,"yOffset":9,"xAdvance":21,"rect":{"x":208,"y":35,"width":19,"height":23}},"67":{"xOffset":0,"yOffset":9,"xAdvance":22,"rect":{"x":121,"y":167,"width":20,"height":23}},"68":{"xOffset":0,"yOffset":9,"xAdvance":21,"rect":{"x":207,"y":258,"width":19,"height":23}},"69":{"xOffset":0,"yOffset":9,"xAdvance":20,"rect":{"x":308,"y":296,"width":18,"height":23}},"70":{"xOffset":0,"yOffset":9,"xAdvance":20,"rect":{"x":308,"y":321,"width":18,"height":23}},"71":{"xOffset":0,"yOffset":9,"xAdvance":22,"rect":{"x":121,"y":113,"width":20,"height":23}},"72":{"xOffset":0,"yOffset":9,"xAdvance":21,"rect":{"x":207,"y":283,"width":19,"height":23}},"73":{"xOffset":0,"yOffset":9,"xAdvance":6,"rect":{"x":358,"y":134,"width":4,"height":23}},"74":{"xOffset":0,"yOffset":9,"xAdvance":22,"rect":{"x":143,"y":97,"width":20,"height":23}},"75":{"xOffset":0,"yOffset":9,"xAdvance":22,"rect":{"x":120,"y":318,"width":20,"height":23}},"76":{"xOffset":0,"yOffset":9,"xAdvance":20,"rect":{"x":308,"y":271,"width":18,"height":23}},"77":{"xOffset":0,"yOffset":9,"xAdvance":25,"rect":{"x":0,"y":90,"width":23,"height":23}},"78":{"xOffset":0,"yOffset":9,"xAdvance":21,"rect":{"x":186,"y":327,"width":19,"height":23}},"79":{"xOffset":0,"yOffset":9,"xAdvance":22,"rect":{"x":98,"y":195,"width":20,"height":23}},"80":{"xOffset":0,"yOffset":9,"xAdvance":21,"rect":{"x":187,"y":84,"width":19,"height":23}},"81":{"xOffset":0,"yOffset":9,"xAdvance":22,"rect":{"x":120,"y":288,"width":20,"height":28}},"82":{"xOffset":0,"yOffset":9,"xAdvance":21,"rect":{"x":187,"y":109,"width":19,"height":23}},"83":{"xOffset":0,"yOffset":9,"xAdvance":22,"rect":{"x":121,"y":57,"width":20,"height":23}},"84":{"xOffset":0,"yOffset":9,"xAdvance":22,"rect":{"x":121,"y":32,"width":20,"height":23}},"85":{"xOffset":0,"yOffset":9,"xAdvance":21,"rect":{"x":208,"y":85,"width":19,"height":23}},"86":{"xOffset":0,"yOffset":9,"xAdvance":24,"rect":{"x":25,"y":330,"width":22,"height":23}},"87":{"xOffset":0,"yOffset":9,"xAdvance":36,"rect":{"x":0,"y":0,"width":34,"height":23}},"88":{"xOffset":0,"yOffset":9,"xAdvance":23,"rect":{"x":74,"y":251,"width":21,"height":23}},"89":{"xOffset":0,"yOffset":9,"xAdvance":23,"rect":{"x":83,"y":0,"width":21,"height":23}},"90":{"xOffset":0,"yOffset":9,"xAdvance":22,"rect":{"x":165,"y":99,"width":20,"height":23}},"91":{"xOffset":0,"yOffset":7,"xAdvance":11,"rect":{"x":347,"y":90,"width":9,"height":33}},"92":{"xOffset":0,"yOffset":9,"xAdvance":14,"rect":{"x":328,"y":272,"width":12,"height":23}},"93":{"xOffset":0,"yOffset":7,"xAdvance":11,"rect":{"x":347,"y":125,"width":9,"height":33}},"94":{"xOffset":0,"yOffset":9,"xAdvance":19,"rect":{"x":142,"y":354,"width":17,"height":11}},"95":{"xOffset":0,"yOffset":29,"xAdvance":21,"rect":{"x":25,"y":357,"width":19,"height":3}},"96":{"xOffset":0,"yOffset":6,"xAdvance":10,"rect":{"x":52,"y":70,"width":8,"height":6}},"97":{"xOffset":0,"yOffset":14,"xAdvance":20,"rect":{"x":308,"y":61,"width":18,"height":18}},"98":{"xOffset":0,"yOffset":7,"xAdvance":19,"rect":{"x":328,"y":0,"width":17,"height":25}},"99":{"xOffset":0,"yOffset":14,"xAdvance":20,"rect":{"x":288,"y":345,"width":18,"height":18}},"100":{"xOffset":0,"yOffset":7,"xAdvance":20,"rect":{"x":289,"y":0,"width":18,"height":25}},"101":{"xOffset":0,"yOffset":14,"xAdvance":20,"rect":{"x":288,"y":325,"width":18,"height":18}},"102":{"xOffset":0,"yOffset":7,"xAdvance":13,"rect":{"x":328,"y":317,"width":11,"height":25}},"103":{"xOffset":0,"yOffset":14,"xAdvance":19,"rect":{"x":309,"y":0,"width":17,"height":25}},"104":{"xOffset":0,"yOffset":7,"xAdvance":19,"rect":{"x":328,"y":110,"width":17,"height":25}},"105":{"xOffset":0,"yOffset":6,"xAdvance":8,"rect":{"x":358,"y":72,"width":6,"height":26}},"106":{"xOffset":0,"yOffset":6,"xAdvance":11,"rect":{"x":342,"y":261,"width":9,"height":33}},"107":{"xOffset":0,"yOffset":7,"xAdvance":20,"rect":{"x":288,"y":134,"width":18,"height":25}},"108":{"xOffset":0,"yOffset":7,"xAdvance":10,"rect":{"x":357,"y":329,"width":8,"height":25}},"109":{"xOffset":0,"yOffset":14,"xAdvance":28,"rect":{"x":0,"y":70,"width":26,"height":18}},"110":{"xOffset":0,"yOffset":14,"xAdvance":19,"rect":{"x":308,"y":346,"width":17,"height":18}},"111":{"xOffset":0,"yOffset":14,"xAdvance":20,"rect":{"x":208,"y":110,"width":18,"height":18}},"112":{"xOffset":0,"yOffset":14,"xAdvance":19,"rect":{"x":328,"y":83,"width":17,"height":25}},"113":{"xOffset":0,"yOffset":14,"xAdvance":20,"rect":{"x":268,"y":327,"width":18,"height":25}},"114":{"xOffset":0,"yOffset":14,"xAdvance":13,"rect":{"x":328,"y":297,"width":11,"height":18}},"115":{"xOffset":0,"yOffset":14,"xAdvance":20,"rect":{"x":228,"y":346,"width":18,"height":18}},"116":{"xOffset":0,"yOffset":11,"xAdvance":13,"rect":{"x":341,"y":297,"width":11,"height":21}},"117":{"xOffset":0,"yOffset":14,"xAdvance":19,"rect":{"x":328,"y":137,"width":17,"height":18}},"118":{"xOffset":0,"yOffset":14,"xAdvance":21,"rect":{"x":97,"y":346,"width":19,"height":18}},"119":{"xOffset":0,"yOffset":14,"xAdvance":31,"rect":{"x":0,"y":25,"width":29,"height":18}},"120":{"xOffset":0,"yOffset":14,"xAdvance":21,"rect":{"x":99,"y":32,"width":19,"height":18}},"121":{"xOffset":0,"yOffset":14,"xAdvance":21,"rect":{"x":207,"y":231,"width":19,"height":25}},"122":{"xOffset":0,"yOffset":14,"xAdvance":19,"rect":{"x":327,"y":346,"width":17,"height":18}},"123":{"xOffset":0,"yOffset":7,"xAdvance":14,"rect":{"x":328,"y":202,"width":12,"height":33}},"125":{"xOffset":0,"yOffset":7,"xAdvance":14,"rect":{"x":328,"y":237,"width":12,"height":33}},"126":{"xOffset":0,"yOffset":18,"xAdvance":18,"rect":{"x":31,"y":33,"width":16,"height":10}},"192":{"xOffset":0,"yOffset":1,"xAdvance":24,"rect":{"x":28,"y":45,"width":22,"height":31}},"193":{"xOffset":0,"yOffset":1,"xAdvance":24,"rect":{"x":36,"y":0,"width":22,"height":31}},"194":{"xOffset":0,"yOffset":1,"xAdvance":24,"rect":{"x":49,"y":292,"width":22,"height":31}},"195":{"xOffset":0,"yOffset":2,"xAdvance":24,"rect":{"x":49,"y":325,"width":22,"height":30}},"200":{"xOffset":0,"yOffset":1,"xAdvance":20,"rect":{"x":248,"y":181,"width":18,"height":31}},"201":{"xOffset":0,"yOffset":1,"xAdvance":20,"rect":{"x":248,"y":148,"width":18,"height":31}},"202":{"xOffset":0,"yOffset":1,"xAdvance":20,"rect":{"x":308,"y":107,"width":18,"height":31}},"204":{"xOffset":0,"yOffset":1,"xAdvance":10,"rect":{"x":357,"y":296,"width":8,"height":31}},"205":{"xOffset":0,"yOffset":1,"xAdvance":11,"rect":{"x":346,"y":320,"width":9,"height":31}},"210":{"xOffset":0,"yOffset":1,"xAdvance":22,"rect":{"x":142,"y":288,"width":20,"height":31}},"211":{"xOffset":0,"yOffset":1,"xAdvance":22,"rect":{"x":142,"y":321,"width":20,"height":31}},"212":{"xOffset":0,"yOffset":1,"xAdvance":22,"rect":{"x":165,"y":0,"width":20,"height":31}},"213":{"xOffset":0,"yOffset":2,"xAdvance":22,"rect":{"x":143,"y":28,"width":20,"height":30}},"217":{"xOffset":0,"yOffset":1,"xAdvance":21,"rect":{"x":186,"y":227,"width":19,"height":31}},"218":{"xOffset":0,"yOffset":1,"xAdvance":21,"rect":{"x":186,"y":294,"width":19,"height":31}},"221":{"xOffset":0,"yOffset":1,"xAdvance":23,"rect":{"x":120,"y":195,"width":21,"height":31}},"224":{"xOffset":0,"yOffset":6,"xAdvance":20,"rect":{"x":228,"y":165,"width":18,"height":26}},"225":{"xOffset":0,"yOffset":6,"xAdvance":20,"rect":{"x":228,"y":193,"width":18,"height":26}},"226":{"xOffset":0,"yOffset":6,"xAdvance":20,"rect":{"x":228,"y":137,"width":18,"height":26}},"227":{"xOffset":0,"yOffset":7,"xAdvance":20,"rect":{"x":228,"y":110,"width":18,"height":25}},"232":{"xOffset":0,"yOffset":6,"xAdvance":20,"rect":{"x":308,"y":197,"width":18,"height":26}},"233":{"xOffset":0,"yOffset":6,"xAdvance":20,"rect":{"x":229,"y":0,"width":18,"height":26}},"234":{"xOffset":0,"yOffset":6,"xAdvance":20,"rect":{"x":228,"y":285,"width":18,"height":26}},"236":{"xOffset":0,"yOffset":6,"xAdvance":10,"rect":{"x":355,"y":223,"width":8,"height":26}},"237":{"xOffset":0,"yOffset":6,"xAdvance":10,"rect":{"x":355,"y":195,"width":8,"height":26}},"242":{"xOffset":0,"yOffset":6,"xAdvance":20,"rect":{"x":248,"y":308,"width":18,"height":26}},"243":{"xOffset":0,"yOffset":6,"xAdvance":20,"rect":{"x":248,"y":336,"width":18,"height":26}},"244":{"xOffset":0,"yOffset":6,"xAdvance":20,"rect":{"x":248,"y":280,"width":18,"height":26}},"245":{"xOffset":0,"yOffset":7,"xAdvance":20,"rect":{"x":308,"y":170,"width":18,"height":25}},"249":{"xOffset":0,"yOffset":6,"xAdvance":19,"rect":{"x":328,"y":55,"width":17,"height":26}},"250":{"xOffset":0,"yOffset":6,"xAdvance":19,"rect":{"x":328,"y":27,"width":17,"height":26}},"253":{"xOffset":0,"yOffset":6,"xAdvance":21,"rect":{"x":207,"y":171,"width":19,"height":33}},"258":{"xOffset":0,"yOffset":2,"xAdvance":24,"rect":{"x":50,"y":169,"width":22,"height":30}},"259":{"xOffset":0,"yOffset":7,"xAdvance":20,"rect":{"x":268,"y":130,"width":18,"height":25}},"272":{"xOffset":0,"yOffset":9,"xAdvance":23,"rect":{"x":98,"y":170,"width":21,"height":23}},"273":{"xOffset":0,"yOffset":7,"xAdvance":22,"rect":{"x":165,"y":33,"width":20,"height":25}},"296":{"xOffset":0,"yOffset":2,"xAdvance":13,"rect":{"x":342,"y":229,"width":11,"height":30}},"297":{"xOffset":0,"yOffset":7,"xAdvance":13,"rect":{"x":342,"y":202,"width":11,"height":25}},"360":{"xOffset":0,"yOffset":2,"xAdvance":21,"rect":{"x":187,"y":52,"width":19,"height":30}},"361":{"xOffset":0,"yOffset":7,"xAdvance":19,"rect":{"x":328,"y":157,"width":17,"height":25}},"416":{"xOffset":0,"yOffset":6,"xAdvance":25,"rect":{"x":0,"y":140,"width":23,"height":26}},"417":{"xOffset":0,"yOffset":11,"xAdvance":22,"rect":{"x":120,"y":343,"width":20,"height":21}},"431":{"xOffset":0,"yOffset":6,"xAdvance":25,"rect":{"x":0,"y":168,"width":23,"height":26}},"432":{"xOffset":0,"yOffset":11,"xAdvance":23,"rect":{"x":98,"y":119,"width":21,"height":21}},"7840":{"xOffset":0,"yOffset":9,"xAdvance":24,"rect":{"x":50,"y":78,"width":22,"height":29}},"7841":{"xOffset":0,"yOffset":14,"xAdvance":20,"rect":{"x":248,"y":122,"width":18,"height":24}},"7842":{"xOffset":0,"yOffset":-1,"xAdvance":24,"rect":{"x":50,"y":134,"width":22,"height":33}},"7843":{"xOffset":0,"yOffset":4,"xAdvance":20,"rect":{"x":288,"y":33,"width":18,"height":28}},"7844":{"xOffset":0,"yOffset":-3,"xAdvance":25,"rect":{"x":0,"y":196,"width":23,"height":35}},"7845":{"xOffset":0,"yOffset":2,"xAdvance":23,"rect":{"x":98,"y":87,"width":21,"height":30}},"7846":{"xOffset":0,"yOffset":-3,"xAdvance":24,"rect":{"x":73,"y":315,"width":22,"height":35}},"7847":{"xOffset":0,"yOffset":2,"xAdvance":20,"rect":{"x":229,"y":28,"width":18,"height":30}},"7848":{"xOffset":0,"yOffset":-4,"xAdvance":24,"rect":{"x":25,"y":292,"width":22,"height":36}},"7849":{"xOffset":0,"yOffset":1,"xAdvance":21,"rect":{"x":165,"y":177,"width":19,"height":31}},"7850":{"xOffset":0,"yOffset":-4,"xAdvance":24,"rect":{"x":74,"y":109,"width":22,"height":36}},"7851":{"xOffset":0,"yOffset":1,"xAdvance":20,"rect":{"x":268,"y":191,"width":18,"height":31}},"7852":{"xOffset":0,"yOffset":1,"xAdvance":24,"rect":{"x":74,"y":70,"width":22,"height":37}},"7853":{"xOffset":0,"yOffset":6,"xAdvance":20,"rect":{"x":268,"y":96,"width":18,"height":32}},"7854":{"xOffset":0,"yOffset":-3,"xAdvance":24,"rect":{"x":74,"y":147,"width":22,"height":35}},"7855":{"xOffset":0,"yOffset":2,"xAdvance":20,"rect":{"x":249,"y":27,"width":18,"height":30}},"7856":{"xOffset":0,"yOffset":-3,"xAdvance":24,"rect":{"x":74,"y":184,"width":22,"height":35}},"7857":{"xOffset":0,"yOffset":2,"xAdvance":20,"rect":{"x":228,"y":253,"width":18,"height":30}},"7858":{"xOffset":0,"yOffset":-5,"xAdvance":24,"rect":{"x":73,"y":276,"width":22,"height":37}},"7859":{"xOffset":0,"yOffset":0,"xAdvance":20,"rect":{"x":248,"y":246,"width":18,"height":32}},"7860":{"xOffset":0,"yOffset":-3,"xAdvance":24,"rect":{"x":50,"y":201,"width":22,"height":35}},"7861":{"xOffset":0,"yOffset":2,"xAdvance":20,"rect":{"x":229,"y":60,"width":18,"height":30}},"7862":{"xOffset":0,"yOffset":2,"xAdvance":24,"rect":{"x":50,"y":238,"width":22,"height":36}},"7863":{"xOffset":0,"yOffset":7,"xAdvance":20,"rect":{"x":288,"y":63,"width":18,"height":31}},"7864":{"xOffset":0,"yOffset":9,"xAdvance":20,"rect":{"x":288,"y":161,"width":18,"height":29}},"7865":{"xOffset":0,"yOffset":14,"xAdvance":20,"rect":{"x":288,"y":264,"width":18,"height":24}},"7866":{"xOffset":0,"yOffset":-1,"xAdvance":20,"rect":{"x":288,"y":290,"width":18,"height":33}},"7867":{"xOffset":0,"yOffset":4,"xAdvance":20,"rect":{"x":248,"y":92,"width":18,"height":28}},"7868":{"xOffset":0,"yOffset":2,"xAdvance":20,"rect":{"x":248,"y":214,"width":18,"height":30}},"7869":{"xOffset":0,"yOffset":7,"xAdvance":20,"rect":{"x":249,"y":0,"width":18,"height":25}},"7870":{"xOffset":0,"yOffset":-3,"xAdvance":22,"rect":{"x":143,"y":248,"width":20,"height":35}},"7871":{"xOffset":0,"yOffset":2,"xAdvance":23,"rect":{"x":98,"y":55,"width":21,"height":30}},"7872":{"xOffset":0,"yOffset":-3,"xAdvance":20,"rect":{"x":268,"y":59,"width":18,"height":35}},"7873":{"xOffset":0,"yOffset":2,"xAdvance":20,"rect":{"x":268,"y":224,"width":18,"height":30}},"7874":{"xOffset":0,"yOffset":-4,"xAdvance":20,"rect":{"x":268,"y":256,"width":18,"height":36}},"7875":{"xOffset":0,"yOffset":1,"xAdvance":20,"rect":{"x":269,"y":0,"width":18,"height":31}},"7876":{"xOffset":0,"yOffset":-4,"xAdvance":20,"rect":{"x":288,"y":96,"width":18,"height":36}},"7877":{"xOffset":0,"yOffset":1,"xAdvance":20,"rect":{"x":288,"y":192,"width":18,"height":31}},"7878":{"xOffset":0,"yOffset":1,"xAdvance":20,"rect":{"x":288,"y":225,"width":18,"height":37}},"7879":{"xOffset":0,"yOffset":6,"xAdvance":20,"rect":{"x":308,"y":27,"width":18,"height":32}},"7880":{"xOffset":0,"yOffset":-1,"xAdvance":11,"rect":{"x":347,"y":0,"width":9,"height":33}},"7881":{"xOffset":0,"yOffset":4,"xAdvance":11,"rect":{"x":347,"y":35,"width":9,"height":28}},"7882":{"xOffset":0,"yOffset":9,"xAdvance":6,"rect":{"x":358,"y":159,"width":4,"height":29}},"7883":{"xOffset":0,"yOffset":6,"xAdvance":8,"rect":{"x":358,"y":100,"width":6,"height":32}},"7884":{"xOffset":0,"yOffset":9,"xAdvance":22,"rect":{"x":121,"y":82,"width":20,"height":29}},"7885":{"xOffset":0,"yOffset":14,"xAdvance":20,"rect":{"x":308,"y":81,"width":18,"height":24}},"7886":{"xOffset":0,"yOffset":-1,"xAdvance":22,"rect":{"x":143,"y":149,"width":20,"height":33}},"7887":{"xOffset":0,"yOffset":4,"xAdvance":20,"rect":{"x":308,"y":140,"width":18,"height":28}},"7888":{"xOffset":0,"yOffset":-3,"xAdvance":24,"rect":{"x":52,"y":33,"width":22,"height":35}},"7889":{"xOffset":0,"yOffset":2,"xAdvance":23,"rect":{"x":97,"y":254,"width":21,"height":30}},"7890":{"xOffset":0,"yOffset":-3,"xAdvance":22,"rect":{"x":143,"y":60,"width":20,"height":35}},"7891":{"xOffset":0,"yOffset":2,"xAdvance":20,"rect":{"x":228,"y":221,"width":18,"height":30}},"7892":{"xOffset":0,"yOffset":-4,"xAdvance":22,"rect":{"x":143,"y":184,"width":20,"height":36}},"7893":{"xOffset":0,"yOffset":1,"xAdvance":20,"rect":{"x":228,"y":313,"width":18,"height":31}},"7894":{"xOffset":0,"yOffset":-4,"xAdvance":22,"rect":{"x":164,"y":315,"width":20,"height":36}},"7895":{"xOffset":0,"yOffset":1,"xAdvance":20,"rect":{"x":268,"y":294,"width":18,"height":31}},"7896":{"xOffset":0,"yOffset":1,"xAdvance":22,"rect":{"x":165,"y":60,"width":20,"height":37}},"7897":{"xOffset":0,"yOffset":6,"xAdvance":20,"rect":{"x":268,"y":157,"width":18,"height":32}},"7898":{"xOffset":0,"yOffset":1,"xAdvance":25,"rect":{"x":25,"y":259,"width":23,"height":31}},"7899":{"xOffset":0,"yOffset":6,"xAdvance":22,"rect":{"x":129,"y":0,"width":20,"height":26}},"7900":{"xOffset":0,"yOffset":1,"xAdvance":25,"rect":{"x":0,"y":266,"width":23,"height":31}},"7901":{"xOffset":0,"yOffset":6,"xAdvance":22,"rect":{"x":165,"y":124,"width":20,"height":26}},"7902":{"xOffset":0,"yOffset":-1,"xAdvance":25,"rect":{"x":25,"y":90,"width":23,"height":33}},"7903":{"xOffset":0,"yOffset":4,"xAdvance":22,"rect":{"x":164,"y":285,"width":20,"height":28}},"7904":{"xOffset":0,"yOffset":2,"xAdvance":25,"rect":{"x":25,"y":125,"width":23,"height":30}},"7905":{"xOffset":0,"yOffset":7,"xAdvance":22,"rect":{"x":143,"y":122,"width":20,"height":25}},"7906":{"xOffset":0,"yOffset":6,"xAdvance":25,"rect":{"x":25,"y":192,"width":23,"height":32}},"7907":{"xOffset":0,"yOffset":11,"xAdvance":22,"rect":{"x":121,"y":138,"width":20,"height":27}},"7908":{"xOffset":0,"yOffset":9,"xAdvance":21,"rect":{"x":207,"y":333,"width":19,"height":29}},"7909":{"xOffset":0,"yOffset":14,"xAdvance":19,"rect":{"x":269,"y":33,"width":17,"height":24}},"7910":{"xOffset":0,"yOffset":-1,"xAdvance":21,"rect":{"x":208,"y":0,"width":19,"height":33}},"7911":{"xOffset":0,"yOffset":4,"xAdvance":19,"rect":{"x":249,"y":59,"width":17,"height":28}},"7912":{"xOffset":0,"yOffset":1,"xAdvance":25,"rect":{"x":0,"y":233,"width":23,"height":31}},"7913":{"xOffset":0,"yOffset":6,"xAdvance":23,"rect":{"x":98,"y":142,"width":21,"height":26}},"7914":{"xOffset":0,"yOffset":1,"xAdvance":25,"rect":{"x":25,"y":226,"width":23,"height":31}},"7915":{"xOffset":0,"yOffset":6,"xAdvance":23,"rect":{"x":76,"y":27,"width":21,"height":26}},"7916":{"xOffset":0,"yOffset":-1,"xAdvance":25,"rect":{"x":25,"y":157,"width":23,"height":33}},"7917":{"xOffset":0,"yOffset":4,"xAdvance":23,"rect":{"x":74,"y":221,"width":21,"height":28}},"7918":{"xOffset":0,"yOffset":2,"xAdvance":25,"rect":{"x":0,"y":333,"width":23,"height":30}},"7919":{"xOffset":0,"yOffset":7,"xAdvance":23,"rect":{"x":60,"y":0,"width":21,"height":25}},"7920":{"xOffset":0,"yOffset":6,"xAdvance":25,"rect":{"x":0,"y":299,"width":23,"height":32}},"7921":{"xOffset":0,"yOffset":11,"xAdvance":23,"rect":{"x":97,"y":286,"width":21,"height":27}},"7922":{"xOffset":0,"yOffset":1,"xAdvance":23,"rect":{"x":97,"y":221,"width":21,"height":31}},"7923":{"xOffset":0,"yOffset":6,"xAdvance":21,"rect":{"x":165,"y":235,"width":19,"height":33}},"7924":{"xOffset":0,"yOffset":9,"xAdvance":23,"rect":{"x":97,"y":315,"width":21,"height":29}},"7925":{"xOffset":0,"yOffset":14,"xAdvance":21,"rect":{"x":187,"y":0,"width":19,"height":25}},"7926":{"xOffset":0,"yOffset":-1,"xAdvance":23,"rect":{"x":120,"y":228,"width":21,"height":33}},"7927":{"xOffset":0,"yOffset":4,"xAdvance":21,"rect":{"x":207,"y":134,"width":19,"height":35}},"7928":{"xOffset":0,"yOffset":2,"xAdvance":23,"rect":{"x":106,"y":0,"width":21,"height":30}},"7929":{"xOffset":0,"yOffset":7,"xAdvance":21,"rect":{"x":186,"y":260,"width":19,"height":32}}},"kerningDict":{}}]],0,0,[0],[0],[0]],[[{"name":"aguda_black_32_fnt","rect":[0,0,365,365],"offset":[-1,1],"originalSize":[367,367],"capInsets":[0,0,0,0]}],[0],0,[0],[1],[1]]]]