[1,["07MANhhEZKqrECcjXmdI29"],0,[["sp.SkeletonData",["_name","_atlasText","textureNames","_skeletonJson","textures"],-1,3]],[[0,0,1,2,3,4,5]],[[0,"skeleton","\nskeleton.png\nsize: 542,706\nformat: RGBA8888\nfilter: Linear,Linear\nrepeat: none\nFalling\n  rotate: false\n  xy: 2, 275\n  size: 535, 124\n  orig: 536, 125\n  offset: 0, 0\n  index: -1\nFalling tren\n  rotate: false\n  xy: 2, 159\n  size: 533, 114\n  orig: 536, 116\n  offset: 1, 1\n  index: -1\nFruits\n  rotate: false\n  xy: 2, 40\n  size: 427, 117\n  orig: 429, 117\n  offset: 1, 0\n  index: -1\nFruits copy\n  rotate: false\n  xy: 2, 401\n  size: 538, 303\n  orig: 538, 303\n  offset: 0, 0\n  index: -1\nMulti Games\n  rotate: false\n  xy: 2, 2\n  size: 306, 36\n  orig: 306, 36\n  offset: 0, 0\n  index: -1\n",["skeleton.png"],{"skeleton":{"hash":"JfuSfMnJlfhYDyULrxifuYsSDJE","spine":"3.8.99","x":-298.61,"y":-150.56,"width":594.7,"height":334.93,"images":"","audio":""},"bones":[{"name":"root"},{"name":"Fruits","parent":"root","x":-20.93,"y":-64.3}],"slots":[{"name":"Fruits copy","bone":"root","attachment":"Fruits copy"},{"name":"Falling","bone":"root","attachment":"Falling"},{"name":"Falling tren","bone":"root","attachment":"Falling tren","blend":"additive"},{"name":"Fruits","bone":"Fruits","attachment":"Fruits"},{"name":"Multi Games","bone":"root","attachment":"Multi Games"}],"skins":[{"name":"default","attachments":{"Falling":{"Falling":{"x":-0.65,"y":62.85,"width":536,"height":125}},"Falling tren":{"Falling tren":{"x":-0.2,"y":67.43,"width":536,"height":116}},"Fruits":{"Fruits":{"x":16.69,"y":10.49,"width":429,"height":117}},"Fruits copy":{"Fruits copy":{"x":-1.26,"y":16.91,"scaleX":1.1054,"scaleY":1.1054,"width":538,"height":303}},"Multi Games":{"Multi Games":{"x":3.06,"y":149.04,"width":306,"height":36}}}}],"animations":{"animation":{"slots":{"Falling tren":{"color":[{"color":"ffffff00"},{"time":0.1333,"color":"ffffffff","curve":"stepped"},{"time":0.3333,"color":"ffffffff"},{"time":0.4667,"color":"ffffff00","curve":"stepped"},{"time":0.6667,"color":"ffffff00"},{"time":0.7667,"color":"ffffffff","curve":"stepped"},{"time":0.9,"color":"ffffffff"},{"time":1,"color":"ffffff00"}]}},"bones":{"Fruits":{"translate":[{"y":3.26,"curve":0.25,"c3":0.75},{"time":0.5,"y":-14.67,"curve":0.25,"c3":0.75},{"time":1,"y":3.26}]}}}}},[0]]],0,0,[0],[-1],[0]]